0.229, 238
0.319, 238
0.409, 237
0.499, 238
0.589, 238
0.679, 238
0.769, 238
0.859, 237
0.958, 238
1.049, 238
1.148, 238
1.238, 238
1.328, 238
1.427, 239
1.518, 238
1.608, 239
1.698, 238
1.788, 238
1.882, 238
1.972, 238
2.062, 238
2.157, 238
2.247, 238
2.337, 238
2.427, 238
2.517, 238
2.607, 239
2.697, 238
2.787, 238
2.877, 238
2.971, 238
3.061, 238
3.151, 238
3.241, 238
3.331, 238
3.421, 238
3.511, 238
3.601, 238
3.691, 238
3.781, 238
3.871, 238
3.961, 238
4.051, 238
4.141, 238
4.232, 238
4.332, 237
4.431, 238
4.521, 237
4.611, 238
4.701, 238
4.792, 238
4.891, 238
4.981, 238
5.071, 238
5.161, 238
5.251, 239
5.341, 238
5.431, 238
5.521, 238
5.611, 238
5.701, 238
5.791, 238
5.881, 238
5.971, 238
6.061, 238
6.151, 237
6.241, 238
6.331, 238
6.421, 237
6.511, 256
6.601, 806
6.691, 1019
6.781, 1019
6.871, 1019
6.961, 935
7.051, 235
7.141, 235
7.231, 236
7.321, 236
7.412, 237
7.502, 236
7.592, 236
7.682, 237
7.772, 236
7.862, 237
7.962, 236
8.062, 236
8.162, 236
8.252, 236
8.342, 236
8.432, 236
8.522, 236
8.612, 236
8.709, 236
8.799, 236
8.889, 236
8.979, 237
9.069, 237
9.159, 236
9.258, 236
9.348, 236
9.438, 236
9.528, 236
9.618, 236
9.708, 236
9.798, 236
9.888, 236
9.978, 234
10.068, 235
10.158, 236
10.248, 236
10.338, 236
10.428, 236
10.518, 236
10.608, 236
10.698, 235
10.788, 236
10.878, 236
10.968, 236
11.059, 236
11.158, 237
11.248, 236
11.338, 236
11.428, 236
11.519, 236
11.609, 236
11.699, 236
11.789, 236
11.879, 236
11.969, 236
12.059, 236
12.159, 237
12.249, 237
12.339, 236
12.439, 237
12.529, 236
12.619, 236
12.709, 238
12.799, 236
12.889, 236
12.979, 236
13.069, 236
13.159, 237
13.249, 236
13.339, 236
13.429, 236
13.519, 236
13.609, 236
13.699, 237
13.789, 236
13.879, 236
13.969, 236
14.059, 236
14.149, 237
14.249, 236
14.349, 237
14.439, 234
14.529, 236
14.619, 237
14.709, 236
14.799, 236
14.889, 237
14.979, 237
15.069, 239
15.159, 240
15.249, 240
15.349, 241
15.439, 243
15.539, 267
15.629, 276
15.719, 278
15.809, 277
15.899, 278
15.999, 278
16.089, 278
16.179, 286
16.269, 293
16.359, 300
16.458, 305
16.548, 310
16.638, 311
16.729, 332
16.829, 351
16.919, 356
17.019, 355
17.109, 367
17.199, 370
17.289, 377
17.379, 378
17.469, 378
17.559, 378
17.649, 377
17.739, 379
17.829, 384
17.919, 387
18.009, 386
18.099, 390
18.189, 394
18.279, 393
18.369, 399
18.459, 400
18.549, 407
18.639, 408
18.739, 408
18.839, 408
18.938, 407
19.028, 404
19.119, 401
19.219, 400
19.319, 403
19.419, 405
19.519, 403
19.609, 396
19.699, 307
19.798, 238
19.889, 238
19.988, 242
20.079, 248
20.178, 251
20.268, 266
20.358, 272
20.448, 280
20.538, 280
20.629, 278
20.728, 281
20.818, 280
20.908, 281
20.998, 281
21.088, 285
21.178, 299
21.268, 329
21.358, 337
21.448, 341
21.538, 341
21.628, 339
21.718, 338
21.808, 340
21.898, 339
21.988, 339
22.078, 337
22.168, 334
22.258, 324
22.348, 250
22.438, 240
22.528, 239
22.618, 244
22.708, 254
22.798, 301
22.888, 300
22.978, 300
23.068, 302
23.158, 298
23.248, 301
23.338, 302
23.428, 310
23.518, 339
23.608, 344
23.698, 360
23.788, 358
23.878, 359
23.968, 358
24.058, 355
24.148, 358
24.239, 356
24.338, 369
24.428, 368
24.519, 360
24.609, 338
24.699, 239
24.789, 239
24.879, 238
24.969, 238
25.059, 240
25.149, 239
25.239, 238
25.329, 239
25.419, 239
25.509, 238
25.599, 239
25.689, 238
25.779, 239
25.869, 238
25.959, 239
26.049, 239
26.139, 238
26.229, 239
26.319, 239
26.419, 239
26.509, 240
26.599, 241
26.699, 245
26.789, 251
26.879, 250
26.969, 247
27.059, 245
27.149, 240
27.239, 239
27.329, 238
27.419, 238
27.509, 237
27.599, 238
27.689, 238
27.779, 238
27.869, 238
27.959, 239
28.049, 239
28.139, 239
28.229, 239
28.319, 240
28.409, 239
28.499, 240
28.589, 240
28.679, 239
28.769, 240
28.859, 239
28.949, 239
29.039, 239
29.129, 241
29.219, 240
29.309, 239
29.399, 239
29.489, 239
29.579, 241
29.669, 240
29.759, 240
29.849, 241
29.939, 240
30.029, 241
30.119, 240
30.209, 240
30.299, 241
30.389, 241
30.479, 241
30.569, 241
30.659, 242
30.749, 242
30.839, 241
30.929, 241
31.029, 240
31.129, 239
31.229, 240
31.319, 238
31.409, 239
31.499, 238
31.589, 238
31.679, 239
31.769, 237
31.859, 237
31.949, 237
32.039, 237
32.138, 237
32.228, 237
32.318, 238
32.408, 237
32.498, 237
32.588, 238
32.678, 238
32.768, 237
32.859, 238
32.949, 238
33.039, 237
33.129, 239
33.219, 238
33.309, 238
33.399, 238
33.489, 238
33.579, 237
33.669, 238
33.759, 238
33.849, 238
33.939, 238
34.029, 238
34.119, 238
34.209, 238
34.299, 238
34.389, 237
34.479, 238
34.569, 238
34.659, 238
34.749, 239
34.839, 237
34.929, 238
35.019, 238
35.109, 238
35.199, 237
35.289, 237
35.379, 237
35.469, 238
35.559, 238
35.649, 237
35.739, 238
35.829, 238
35.919, 238
36.009, 238
36.099, 238
36.189, 239
36.279, 238
36.369, 238
36.459, 238
36.549, 238
36.639, 239
36.729, 239
36.819, 238
36.909, 239
36.999, 238
37.089, 238
37.179, 238
37.269, 240
37.359, 238
37.449, 238
37.539, 237
37.629, 239
37.719, 239
37.809, 238
37.899, 238
37.989, 239
38.079, 238
38.169, 238
38.259, 239
38.349, 238
38.439, 238
38.529, 238
38.619, 238
38.709, 239
38.799, 239
38.896, 238
38.986, 238
39.076, 238
39.166, 238
39.256, 238
39.346, 238
39.436, 238
39.526, 238
39.616, 238
39.706, 238
39.796, 239
39.886, 238
39.976, 238
40.066, 238
40.156, 238
40.246, 238
40.336, 239
40.426, 238
40.516, 237
40.606, 240
40.696, 238
40.786, 238
40.876, 238
40.966, 238
41.056, 237
41.146, 237
41.236, 238
41.326, 240
41.416, 240
41.506, 238
41.596, 238
41.686, 238
41.776, 239
41.866, 238
41.956, 239
42.046, 238
42.136, 238
42.226, 238
42.316, 238
42.406, 238
42.496, 238
42.586, 238
42.676, 238
42.766, 238
42.856, 238
42.946, 239
43.036, 238
43.126, 238
43.216, 239
43.306, 238
43.396, 239
43.486, 239
43.576, 238
43.666, 239
43.756, 240
43.846, 238
43.936, 238
44.026, 238
44.116, 238
44.206, 238
44.296, 238
44.386, 239
44.476, 239
44.566, 239
44.656, 238
44.746, 239
44.836, 238
44.926, 236
45.016, 240
45.106, 239
45.196, 239
45.286, 238
45.376, 239
45.466, 238
45.556, 239
45.646, 238
45.736, 238
45.826, 238
45.916, 238
46.006, 239
46.096, 238
46.186, 238
46.276, 239
46.366, 238
46.456, 238
46.546, 239
46.636, 238
46.726, 238
46.816, 239
46.906, 238
46.996, 239
47.086, 238
47.176, 238
47.266, 238
47.356, 239
47.446, 238
47.536, 238
47.627, 239
47.726, 238
47.816, 238
47.906, 238
47.996, 238
48.086, 238
48.176, 239
48.266, 239
48.356, 238
48.446, 238
48.536, 238
48.626, 239
48.716, 239
48.806, 238
48.896, 238
48.986, 238
49.076, 238
49.166, 239
49.256, 238
49.346, 238
49.436, 238
49.526, 238
49.616, 238
49.706, 239
49.796, 239
49.886, 238
49.976, 238
50.066, 238
50.156, 238
50.247, 239
50.346, 239
50.436, 238
50.526, 239
50.616, 238
50.706, 239
50.796, 239
50.886, 238
50.976, 238
51.066, 238
51.156, 238
51.246, 235
51.336, 239
51.426, 239
51.516, 238
51.606, 239
51.696, 240
51.786, 239
51.876, 238
51.966, 238
52.056, 238
52.146, 238
52.236, 238
52.326, 238
52.416, 239
52.506, 238
52.596, 239
52.687, 238
52.786, 238
52.876, 238
52.966, 238
53.056, 238
53.146, 239
53.236, 238
53.327, 237
53.426, 239
53.516, 239
53.606, 239
53.696, 239
53.786, 239
53.876, 238
53.966, 240
54.056, 238
54.146, 238
54.236, 238
54.326, 238
54.416, 235
54.506, 245
54.596, 321
54.686, 486
54.776, 708
54.866, 799
54.956, 985
55.046, 1018
55.136, 1021
55.226, 1008
55.316, 1020
55.406, 1018
55.496, 1019
55.586, 1020
55.676, 1005
55.766, 1019
55.856, 1019
55.946, 1011
56.036, 1020
56.126, 1019
56.216, 1016
56.306, 1019
56.396, 1018
56.486, 1019
56.576, 1018
56.667, 1019
56.766, 1020
56.856, 1014
56.946, 1019
57.036, 1020
57.126, 1020
57.216, 1020
57.306, 1019
57.396, 1019
57.487, 1019
57.586, 1001
57.676, 1019
57.766, 1020
57.856, 1020
57.946, 1019
58.036, 1019
58.126, 733
58.216, 237
58.306, 236
58.396, 235
58.486, 236
58.576, 235
58.667, 234
58.766, 234
58.856, 236
58.946, 235
59.036, 235
59.126, 235
59.216, 235
59.306, 235
59.396, 234
59.487, 236
59.586, 235
59.676, 235
59.766, 235
59.856, 235
59.946, 235
60.036, 235
60.126, 235
60.216, 235
60.306, 235
60.396, 235
60.486, 234
60.576, 236
60.666, 233
60.756, 235
60.846, 235
60.936, 234
61.026, 235
61.116, 234
61.206, 234
61.296, 235
61.386, 235
61.476, 234
61.566, 235
61.656, 235
61.747, 235
61.846, 235
61.936, 235
62.026, 235
62.116, 235
62.206, 235
62.296, 235
62.386, 241
62.476, 240
62.566, 264
62.656, 289
62.746, 312
62.836, 328
62.926, 336
63.016, 339
63.106, 335
63.196, 337
63.286, 335
63.376, 334
63.466, 337
63.556, 330
63.646, 318
63.736, 322
63.827, 308
63.926, 313
64.016, 301
64.106, 305
64.196, 246
64.286, 239
64.376, 237
64.466, 236
64.556, 237
64.646, 240
64.736, 241
64.826, 241
64.916, 249
65.006, 280
65.096, 283
65.186, 282
65.277, 236
65.376, 237
65.466, 238
65.556, 237
65.646, 243
65.736, 245
65.826, 246
65.916, 245
66.006, 240
66.096, 240
66.186, 241
66.277, 244
66.376, 243
66.466, 241
66.556, 245
66.646, 250
66.736, 278
66.827, 286
66.926, 286
67.016, 236
67.107, 237
67.197, 237
67.287, 237
67.377, 237
67.467, 237
67.557, 237
67.656, 238
67.747, 238
67.847, 237
67.946, 238
68.036, 237
68.126, 237
68.216, 238
68.306, 237
68.396, 237
68.487, 238
68.587, 237
68.677, 242
68.776, 247
68.866, 268
68.956, 302
69.046, 349
69.136, 374
69.226, 387
69.316, 386
69.407, 387
69.506, 410
69.596, 513
69.686, 512
69.776, 515
69.866, 515
69.956, 515
70.046, 512
70.136, 510
70.227, 509
70.326, 484
70.417, 484
70.516, 488
70.606, 485
70.696, 486
70.786, 489
70.876, 490
70.966, 488
71.056, 444
71.147, 281
71.246, 237
71.336, 237
71.427, 237
71.526, 237
71.616, 238
71.706, 238
71.796, 238
71.887, 239
71.986, 238
72.077, 239
72.176, 239
72.266, 239
72.357, 239
72.456, 238
72.546, 239
72.636, 239
72.726, 240
72.816, 239
72.907, 260
73.007, 274
73.107, 327
73.207, 357
73.297, 348
73.397, 238
73.497, 237
73.597, 238
73.697, 239
73.796, 239
73.886, 238
73.976, 239
74.066, 238
74.156, 239
74.247, 239
74.346, 240
74.436, 240
74.526, 240
74.616, 240
74.706, 239
74.796, 240
74.886, 240
74.976, 239
75.066, 239
75.157, 238
75.247, 238
75.346, 238
75.436, 237
75.527, 237
75.626, 238
75.716, 239
75.807, 238
75.907, 238
76.007, 238
76.107, 237
76.206, 238
76.297, 238
76.387, 238
76.486, 239
76.577, 238
76.667, 239
76.757, 239
76.847, 238
76.937, 238
77.027, 238
77.127, 238
77.217, 240
77.307, 238
77.397, 238
77.487, 238
77.577, 239
77.667, 238
77.757, 238
77.856, 238
77.946, 238
78.036, 238
78.127, 238
78.227, 237
78.327, 238
78.427, 239
78.527, 238
78.626, 238
78.717, 238
78.816, 238
78.906, 238
78.996, 238
79.086, 244
79.176, 248
79.266, 247
79.356, 247
79.447, 253
79.547, 270
79.646, 269
79.736, 270
79.827, 270
79.917, 269
80.007, 268
80.097, 267
80.187, 262
80.277, 239
80.367, 238
80.457, 238
80.547, 238
80.647, 239
80.747, 239
80.847, 239
80.947, 239
81.047, 239
81.147, 239
81.246, 239
81.336, 239
81.427, 239
81.526, 239
81.616, 240
81.706, 240
81.796, 239
81.886, 240
81.976, 243
82.066, 240
82.157, 240
82.247, 241
82.337, 240
82.436, 240
82.527, 240
82.626, 239
82.717, 239
82.817, 240
82.914, 241
83.004, 241
83.094, 239
83.184, 239
83.274, 239
83.364, 239
83.454, 240
83.544, 238
83.634, 237
83.734, 237
83.824, 237
83.924, 238
84.023, 238
84.113, 238
84.203, 238
84.293, 237
84.383, 239
84.473, 238
84.564, 237
84.664, 236
84.754, 237
84.844, 237
84.944, 506
85.034, 1018
85.124, 1019
85.224, 1021
85.324, 1019
85.424, 1019
85.524, 1005
85.624, 1020
85.714, 1018
85.804, 1019
85.894, 1020
85.984, 999
86.074, 1018
86.164, 1019
86.254, 1014
86.344, 1019
86.434, 1019
86.524, 1019
86.614, 1019
86.704, 1019
86.794, 1019
86.884, 1019
86.974, 1019
87.064, 1020
87.154, 1019
87.244, 1020
87.334, 1019
87.424, 1012
87.514, 1019
87.604, 1019
87.694, 1019
87.784, 1020
87.874, 1019
87.964, 1019
88.054, 1019
88.153, 1019
88.244, 1020
88.344, 1016
88.434, 410
88.524, 235
88.624, 235
88.714, 233
88.804, 234
88.894, 233
88.993, 234
89.084, 234
89.174, 235
89.264, 234
89.364, 234
89.464, 235
89.554, 236
89.644, 235
89.744, 234
89.844, 235
89.934, 235
90.024, 236
90.114, 236
90.204, 236
90.294, 236
90.384, 236
90.474, 236
90.564, 236
90.654, 237
90.744, 235
90.834, 235
90.924, 234
91.014, 235
91.104, 235
91.194, 234
91.284, 234
91.384, 234
91.474, 235
91.564, 234
91.654, 234
91.745, 236
91.844, 234
91.934, 235
92.024, 235
92.114, 235
92.204, 234
92.294, 235
92.384, 243
92.474, 369
92.564, 403
92.654, 404
92.744, 403
92.834, 402
92.924, 401
93.014, 401
93.104, 401
93.194, 400
93.284, 400
93.374, 398
93.464, 402
93.554, 425
93.645, 442
93.744, 443
93.834, 448
93.924, 455
94.024, 505
94.124, 609
94.224, 628
94.324, 680
94.424, 686
94.524, 709
94.614, 706
94.713, 594
94.803, 348
94.893, 239
94.983, 241
95.073, 239
95.173, 239
95.263, 246
95.353, 246
95.443, 243
95.533, 241
95.623, 239
95.713, 240
95.813, 239
95.903, 239
96.003, 238
96.093, 239
96.183, 237
96.282, 239
96.372, 238
96.463, 238
96.553, 238
96.653, 346
96.753, 541
96.843, 658
96.933, 724
97.023, 736
97.113, 779
97.213, 772
97.303, 700
97.393, 311
97.493, 238
97.583, 239
97.673, 240
97.763, 239
97.853, 240
97.943, 240
98.033, 240
98.133, 239
98.232, 240
98.322, 239
98.412, 240
98.503, 239
98.603, 239
98.693, 245
98.783, 310
98.873, 434
98.963, 579
99.053, 649
99.143, 643
99.233, 645
99.323, 643
99.413, 642
99.503, 643
99.593, 643
99.683, 639
99.773, 556
99.863, 491
99.953, 270
100.043, 237
100.133, 239
100.223, 238
100.313, 241
100.403, 242
100.493, 242
100.583, 241
100.673, 240
100.763, 240
100.853, 240
100.943, 240
101.033, 240
101.123, 240
101.213, 240
101.303, 240
101.393, 240
101.483, 238
101.573, 239
101.663, 238
101.753, 238
101.843, 239
101.933, 238
102.023, 239
102.113, 239
102.212, 239
102.303, 238
102.393, 238
102.483, 237
102.573, 237
102.663, 239
102.753, 346
102.843, 406
102.933, 538
103.023, 527
103.113, 540
103.203, 542
103.293, 443
103.383, 288
103.473, 239
103.563, 241
103.653, 243
103.743, 250
103.833, 248
103.923, 243
104.013, 240
104.103, 240
104.193, 239
104.283, 239
104.373, 240
104.463, 238
104.553, 238
104.643, 238
104.733, 239
104.823, 238
104.913, 238
105.003, 238
105.093, 238
105.183, 237
105.282, 237
105.373, 237
105.472, 237
105.563, 237
105.653, 238
105.743, 238
105.833, 238
105.932, 238
106.029, 238
106.119, 238
106.209, 237
106.299, 238
106.389, 249
106.479, 294
106.578, 339
106.669, 386
106.759, 386
106.849, 392
106.939, 389
107.029, 261
107.119, 237
107.209, 237
107.299, 238
107.389, 238
107.479, 237
107.569, 239
107.659, 238
107.749, 242
107.839, 240
107.929, 243
108.019, 243
108.109, 248
108.199, 255
108.289, 257
108.379, 250
108.469, 239
108.559, 238
108.649, 238
108.739, 238
108.829, 237
108.919, 236
109.009, 238
109.099, 256
109.189, 345
109.279, 405
109.369, 483
109.459, 481
109.549, 551
109.639, 574
109.729, 630
109.819, 652
109.909, 665
109.999, 649
110.089, 351
110.179, 237
110.269, 238
110.359, 237
110.449, 238
110.539, 238
110.629, 237
110.719, 239
110.809, 239
110.899, 238
110.989, 240
111.079, 238
111.169, 238
111.259, 239
111.349, 238
111.439, 239
111.529, 238
111.619, 237
111.709, 238
111.799, 238
111.889, 237
111.979, 238
112.069, 238
112.159, 238
112.249, 239
112.339, 245
112.429, 250
112.519, 251
112.609, 250
112.699, 252
112.789, 285
112.879, 347
112.969, 403
113.059, 405
113.149, 403
113.239, 404
113.332, 404
113.422, 434
113.519, 485
113.609, 547
113.699, 554
113.789, 551
113.879, 554
113.969, 561
114.059, 575
114.149, 572
114.242, 573
114.339, 573
114.429, 572
114.519, 569
114.609, 546
114.699, 295
114.789, 237
114.879, 238
114.969, 239
115.059, 243
115.152, 251
115.242, 254
115.332, 260
115.422, 261
115.512, 259
115.602, 257
115.692, 255
115.782, 253
115.872, 249
115.962, 245
116.052, 240
116.143, 241
116.242, 240
116.332, 239
116.422, 239
116.512, 239
116.602, 241
116.692, 240
116.782, 243
116.872, 266
116.962, 281
117.052, 318
117.142, 327
117.232, 326
117.322, 322
117.412, 320
117.502, 304
117.592, 308
117.682, 315
117.772, 325
117.862, 330
117.952, 346
118.042, 365
118.132, 392
118.222, 407
118.312, 434
118.402, 436
118.492, 434
118.582, 433
118.672, 444
118.762, 442
118.852, 438
118.942, 326
119.032, 238
119.122, 238
119.212, 239
119.302, 239
119.392, 239
119.482, 239
119.572, 239
119.662, 240
119.752, 240
119.842, 240
119.932, 238
120.022, 238
120.112, 239
120.202, 238
120.292, 239
120.382, 240
120.479, 239
120.569, 240
120.659, 241
120.749, 240
120.839, 241
120.929, 240
121.019, 240
121.109, 239
121.199, 241
121.289, 240
121.379, 251
121.469, 291
121.559, 329
121.649, 434
121.739, 447
121.829, 453
121.919, 454
122.009, 513
122.099, 526
122.189, 529
122.279, 536
122.369, 536
122.459, 539
122.549, 538
122.639, 535
122.729, 515
122.819, 399
122.909, 240
122.999, 239
123.089, 238
123.179, 239
123.269, 245
123.359, 242
123.449, 246
123.539, 245
123.629, 246
123.719, 249
123.809, 250
123.899, 251
123.989, 255
124.079, 254
124.169, 243
124.259, 239
124.349, 238
124.44, 238
124.54, 238
124.639, 239
124.729, 239
124.819, 239
124.909, 239
124.999, 238
125.089, 239
125.179, 238
125.269, 239
125.359, 239
125.449, 238
125.539, 241
125.629, 242
125.719, 244
125.809, 249
125.899, 248
125.989, 249
126.079, 249
126.169, 246
126.259, 243
126.349, 240
126.439, 240
126.529, 240
126.619, 239
126.709, 244
126.799, 245
126.889, 246
126.979, 246
127.069, 246
127.159, 252
127.249, 261
127.339, 262
127.429, 279
127.519, 283
127.609, 285
127.699, 292
127.789, 291
127.879, 297
127.969, 291
128.059, 239
128.149, 238
128.239, 238
128.329, 239
128.419, 239
128.509, 239
128.599, 240
128.689, 240
128.779, 240
128.869, 240
128.959, 240
129.049, 240
129.139, 240
129.229, 240
129.319, 241
129.409, 240
129.499, 239
129.589, 239
129.679, 238
129.769, 240
129.859, 237
129.949, 239
130.039, 238
130.129, 238
130.219, 237
130.309, 245
130.399, 289
130.489, 311
130.579, 331
130.669, 334
130.759, 333
130.849, 332
130.939, 310
131.029, 239
131.119, 239
131.209, 240
131.299, 240
131.389, 239
131.479, 240
131.569, 240
131.659, 240
131.749, 240
131.839, 240
131.929, 241
132.019, 241
132.109, 242
132.199, 242
132.289, 241
132.379, 241
132.469, 241
132.559, 241
132.649, 241
132.739, 241
132.829, 241
132.919, 243
133.009, 248
133.099, 248
133.189, 254
133.279, 254
133.369, 257
133.459, 258
133.549, 254
133.639, 254
133.729, 253
133.819, 253
133.909, 251
133.999, 252
134.089, 252
134.179, 245
134.269, 242
134.359, 240
134.449, 239
134.539, 239
134.629, 240
134.719, 240
134.809, 240
134.899, 240
134.989, 240
135.079, 239
135.169, 241
135.259, 240
135.349, 238
135.439, 438
135.529, 1006
135.619, 1011
135.709, 1018
135.799, 1019
135.889, 1018
135.979, 1019
136.069, 1019
136.159, 1020
136.249, 1019
136.34, 1019
136.44, 1020
136.539, 1019
136.629, 1013
136.719, 1020
136.809, 1018
136.899, 1020
136.989, 1019
137.079, 1019
137.169, 1019
137.259, 1019
137.349, 1019
137.439, 1018
137.529, 1018
137.619, 1019
137.709, 1020
137.799, 1019
137.889, 1019
137.979, 1018
138.069, 1019
138.159, 1020
138.249, 1020
138.339, 1019
138.43, 1018
138.529, 1019
138.619, 433
138.709, 237
138.799, 236
138.889, 237
138.979, 238
139.069, 236
139.159, 237
139.249, 237
139.339, 236
139.429, 237
139.519, 236
139.609, 236
139.699, 237
139.789, 237
139.879, 236
139.969, 240
140.059, 240
140.149, 240
140.239, 245
140.329, 259
140.419, 263
140.509, 263
140.599, 268
140.689, 270
140.779, 264
140.869, 248
140.959, 238
141.049, 238
141.139, 238
141.229, 238
141.319, 237
141.409, 238
141.499, 238
141.589, 237
141.679, 237
141.769, 238
141.859, 238
141.949, 237
142.039, 239
142.129, 238
142.219, 238
142.309, 239
142.399, 239
142.489, 239
142.579, 238
142.669, 238
142.759, 237
142.849, 238
142.939, 237
143.029, 238
143.119, 238
143.209, 238
143.299, 238
143.389, 236
143.479, 237
143.569, 238
143.659, 237
143.749, 237
143.839, 237
143.929, 237
144.019, 238
144.109, 238
144.199, 236
144.289, 237
144.379, 238
144.469, 238
144.559, 250
144.649, 287
144.739, 288
144.829, 381
144.919, 376
145.009, 377
145.099, 377
145.189, 378
145.279, 378
145.369, 378
145.459, 377
145.549, 375
145.64, 376
145.739, 377
145.829, 377
145.919, 376
146.009, 378
146.099, 379
146.189, 380
146.279, 376
146.369, 378
146.459, 379
146.549, 406
146.639, 415
146.729, 444
146.819, 397
146.909, 237
146.999, 237
147.089, 238
147.179, 238
147.269, 238
147.359, 237
147.449, 239
147.539, 239
147.629, 239
147.719, 240
147.809, 239
147.899, 239
147.989, 238
148.079, 238
148.169, 238
148.259, 238
148.349, 239
148.439, 238
148.529, 238
148.619, 241
148.709, 239
148.799, 240
148.889, 239
148.979, 238
149.069, 239
149.159, 242
149.249, 248
149.339, 247
149.429, 249
149.519, 253
149.609, 261
149.699, 276
149.789, 304
149.879, 352
149.969, 401
150.059, 429
150.149, 432
150.239, 432
150.329, 437
150.419, 437
150.509, 437
150.599, 431
150.689, 433
150.779, 433
150.869, 433
150.959, 433
151.049, 430
151.139, 429
151.229, 427
151.319, 243
151.409, 237
151.499, 237
151.589, 237
151.679, 238
151.769, 237
151.859, 235
151.949, 236
152.039, 236
152.129, 236
152.219, 236
152.309, 237
152.399, 237
152.489, 237
152.579, 237
152.669, 237
152.759, 239
152.849, 239
152.939, 239
153.029, 239
153.119, 239
153.209, 240
153.299, 240
153.389, 240
153.479, 240
153.569, 240
153.659, 241
153.749, 242
153.839, 245
153.929, 245
154.019, 244
154.109, 241
154.199, 240
154.289, 241
154.379, 241
154.469, 241
154.559, 241
154.649, 240
154.739, 241
154.829, 240
154.919, 238
155.009, 240
155.099, 240
155.189, 240
155.279, 239
155.369, 240
155.459, 238
155.549, 237
155.639, 237
155.729, 237
155.819, 237
155.909, 237
155.999, 237
156.089, 237
156.179, 242
156.269, 265
156.359, 301
156.449, 340
156.539, 388
156.636, 444
156.726, 463
156.816, 426
156.906, 289
156.996, 238
157.086, 237
157.176, 238
157.266, 238
157.356, 238
157.446, 239
157.536, 238
157.626, 238
157.716, 239
157.806, 238
157.896, 238
157.986, 239
158.076, 239
158.166, 238
158.256, 238
158.346, 238
158.436, 238
158.526, 236
158.616, 236
158.706, 236
158.796, 236
158.886, 236
158.976, 236
159.066, 236
159.156, 248
159.246, 330
159.337, 388
159.437, 426
159.536, 426
159.626, 354
159.716, 268
159.806, 238
159.896, 237
159.986, 237
160.076, 238
160.166, 238
160.256, 239
160.347, 239
160.437, 239
160.527, 239
160.626, 240
160.716, 240
160.806, 241
160.896, 240
160.986, 243
161.076, 241
161.166, 244
161.256, 245
161.346, 248
161.436, 249
161.526, 248
161.616, 248
161.706, 248
161.796, 248
161.886, 248
161.976, 248
162.066, 248
162.156, 249
162.246, 248
162.336, 247
162.426, 244
162.516, 242
162.606, 240
162.696, 239
162.786, 240
162.876, 239
162.966, 407
163.056, 1020
163.146, 1019
163.236, 1019
163.326, 1019
163.416, 1019
163.506, 1019
163.596, 1019
163.686, 1019
163.776, 1020
163.866, 1019
163.956, 1009
164.046, 1020
164.136, 1019
164.226, 1020
164.316, 1020
164.406, 1018
164.496, 1019
164.586, 1020
164.676, 1018
164.766, 1019
164.856, 1018
164.946, 1020
165.036, 1019
165.126, 1020
165.216, 1019
165.306, 1019
165.396, 1019
165.486, 1020
165.576, 1018
165.666, 1019
165.756, 1020
165.846, 1019
165.936, 1020
166.026, 1019
166.116, 1019
166.206, 1019
166.296, 1019
166.386, 234
166.476, 235
166.566, 236
166.656, 236
166.746, 242
166.836, 252
166.926, 260
167.016, 262
167.106, 281
167.196, 268
167.286, 239
167.376, 240
167.466, 239
167.556, 238
167.646, 238
167.736, 238
167.826, 237
167.916, 237
168.006, 237
168.096, 237
168.186, 238
168.276, 237
168.366, 237
168.456, 237
168.546, 237
168.636, 237
168.726, 238
168.816, 237
168.906, 238
168.996, 237
169.086, 237
169.176, 238
169.266, 237
169.356, 238
169.446, 237
169.536, 238
169.626, 238
169.716, 239
169.806, 238
169.896, 238
169.986, 237
170.076, 237
170.166, 239
170.256, 239
170.346, 248
170.436, 251
170.526, 252
170.616, 286
170.706, 335
170.796, 363
170.886, 362
170.976, 362
171.066, 364
171.156, 365
171.246, 364
171.336, 387
171.426, 381
171.516, 339
171.606, 276
171.696, 234
171.786, 237
171.876, 238
171.966, 236
172.056, 237
172.146, 237
172.236, 237
172.326, 236
172.416, 237
172.506, 240
172.596, 254
172.686, 283
172.776, 282
172.866, 281
172.956, 281
173.046, 281
173.136, 282
173.226, 296
173.316, 296
173.406, 361
173.496, 409
173.586, 407
173.676, 494
173.766, 493
173.856, 490
173.946, 487
174.037, 316
174.136, 235
174.226, 236
174.316, 237
174.406, 237
174.496, 238
174.586, 238
174.676, 238
174.766, 237
174.856, 238
174.946, 238
175.036, 239
175.126, 240
175.216, 239
175.306, 239
175.396, 240
175.486, 240
175.576, 239
175.666, 238
175.756, 239
175.846, 239
175.936, 239
176.026, 239
176.116, 240
176.206, 240
176.296, 238
176.386, 239
176.476, 239
176.566, 238
176.656, 239
176.746, 238
176.836, 238
176.926, 238
177.016, 239
177.106, 239
177.196, 238
177.286, 238
177.376, 239
177.466, 238
177.556, 237
177.646, 238
177.736, 237
177.826, 237
177.916, 237
178.006, 238
178.096, 237
178.186, 238
178.276, 238
178.366, 237
178.456, 236
178.546, 237
178.636, 236
178.726, 237
178.816, 237
178.906, 238
178.996, 238
179.086, 237
179.176, 238
179.266, 237
179.356, 238
179.446, 238
179.536, 237
179.626, 237
179.716, 238
179.806, 238
179.896, 238
179.986, 237
180.076, 238
180.166, 238
180.256, 237
180.346, 236
180.436, 238
180.526, 237
180.616, 238
180.706, 238
180.796, 238
180.886, 237
180.976, 237
181.066, 238
181.156, 239
181.246, 239
181.336, 237
181.426, 238
181.516, 238
181.606, 237
181.696, 237
181.786, 237
181.876, 237
181.966, 238
182.056, 238
182.146, 238
182.237, 238
182.336, 237
182.426, 238
182.516, 237
182.606, 239
182.696, 237
182.786, 238
182.876, 237
182.966, 238
183.056, 238
183.146, 238
183.237, 238
183.336, 237
183.426, 245
183.516, 257
183.606, 260
183.696, 261
183.786, 266
183.876, 293
183.966, 325
184.056, 326
184.146, 332
184.236, 332
184.326, 345
184.416, 349
184.506, 348
184.596, 348
184.686, 348
184.776, 348
184.866, 348
184.956, 348
185.046, 348
185.136, 347
185.226, 347
185.316, 347
185.406, 347
185.496, 331
185.586, 237
185.676, 237
185.766, 238
185.856, 237
185.946, 238
186.036, 239
186.126, 244
186.216, 248
186.306, 258
186.396, 275
186.486, 275
186.576, 274
186.666, 274
186.756, 276
186.846, 275
186.936, 273
187.026, 274
187.116, 275
187.206, 275
187.296, 275
187.386, 275
187.476, 275
187.566, 267
187.656, 238
187.746, 239
187.837, 239
187.937, 239
188.037, 238
188.137, 239
188.237, 240
188.337, 239
188.437, 241
188.537, 239
188.637, 239
188.737, 239
188.837, 239
188.937, 239
189.037, 239
189.137, 239
189.237, 239
189.337, 238
189.437, 239
189.537, 239
189.637, 239
189.737, 239
189.837, 239
189.937, 238
190.037, 239
190.137, 239
190.237, 239
190.337, 239
190.437, 239
190.537, 239
190.637, 239
190.737, 239
190.837, 238
190.937, 239
191.037, 239
191.137, 238
191.236, 239
191.326, 238
191.416, 238
191.506, 239
191.596, 238
191.686, 238
191.776, 237
191.866, 239
191.956, 238
192.046, 240
192.136, 239
192.226, 238
192.316, 238
192.406, 238
192.496, 238
192.586, 238
192.676, 239
192.766, 239
192.856, 239
192.946, 239
193.036, 239
193.126, 238
193.216, 249
193.306, 273
193.396, 299
193.486, 321
193.576, 324
193.666, 324
193.756, 331
193.846, 339
193.936, 345
194.026, 366
194.116, 365
194.206, 370
194.296, 369
194.386, 370
194.476, 370
194.566, 365
194.656, 275
194.746, 239
194.837, 239
194.937, 238
195.037, 239
195.136, 244
195.226, 261
195.323, 295
195.413, 315
195.503, 330
195.593, 333
195.683, 335
195.773, 351
195.863, 352
195.953, 355
196.043, 361
196.133, 380
196.223, 398
196.313, 397
196.403, 397
196.493, 395
196.583, 396
196.673, 395
196.763, 392
196.853, 392
196.943, 392
197.033, 393
197.123, 398
197.213, 409
197.303, 408
197.393, 408
197.483, 407
197.573, 408
197.663, 406
197.753, 408
197.843, 407
197.934, 407
198.033, 407
198.123, 407
198.213, 407
198.304, 406
198.403, 407
198.493, 403
198.583, 310
198.673, 238
198.763, 239
198.853, 238
198.943, 238
199.034, 238
199.124, 238
199.223, 238
199.313, 238
199.403, 243
199.493, 247
199.583, 277
199.673, 307
199.763, 320
199.853, 320
199.943, 319
200.034, 317
200.134, 317
200.224, 313
200.324, 314
200.424, 314
200.524, 314
200.624, 305
200.724, 238
200.824, 239
200.924, 239
201.024, 240
201.124, 239
201.224, 241
201.324, 240
201.424, 239
201.524, 240
201.624, 239
201.724, 241
201.824, 240
201.924, 241
202.024, 241
202.114, 241
202.204, 241
202.294, 241
202.384, 242
202.474, 241
202.564, 242
202.654, 242
202.744, 242
202.834, 242
202.924, 242
203.014, 242
203.104, 241
203.204, 242
203.294, 242
203.384, 241
203.474, 240
203.564, 240
203.654, 238
203.744, 238
203.834, 238
203.924, 238
204.014, 238
204.104, 238
204.194, 238
204.284, 239
204.374, 240
204.464, 239
204.554, 238
204.644, 238
204.734, 238
204.824, 238
204.914, 240
205.004, 238
205.094, 238
205.184, 239
205.274, 238
205.364, 239
205.454, 239
205.544, 239
205.634, 239
205.724, 238
205.814, 239
205.904, 239
206.004, 238
206.103, 238
206.193, 239
206.284, 239
206.374, 239
206.464, 238
206.554, 238
206.644, 238
206.734, 239
206.824, 239
206.914, 238
207.004, 238
207.094, 238
207.184, 238
207.274, 238
207.364, 238
207.454, 238
207.544, 239
207.634, 238
207.724, 238
207.814, 239
207.904, 238
207.994, 238
208.084, 238
208.174, 238
208.264, 239
208.354, 239
208.444, 239
208.534, 238
208.624, 239
208.721, 239
208.811, 238
208.901, 239
208.991, 238
209.081, 239
209.171, 239
209.261, 239
209.351, 238
209.441, 239
209.531, 239
209.621, 239
209.714, 238
209.804, 238
209.901, 238
209.991, 238
210.081, 245
210.171, 265
210.261, 305
210.351, 325
210.441, 303
210.531, 237
210.621, 238
210.711, 238
210.801, 238
210.891, 237
210.981, 245
211.074, 291
211.164, 331
211.254, 339
211.344, 325
211.434, 238
211.524, 238
211.614, 239
211.704, 249
211.794, 258
211.884, 314
211.974, 340
212.064, 341
212.154, 341
212.244, 342
212.334, 349
212.424, 348
212.514, 363
212.604, 370
212.694, 377
212.784, 375
212.874, 374
212.974, 370
213.064, 322
213.154, 274
213.244, 241
213.334, 240
213.424, 236
213.514, 239
213.604, 240
213.694, 240
213.784, 245
213.874, 301
213.964, 358
214.054, 437
214.144, 437
214.234, 438
214.324, 434
214.414, 408
214.504, 266
214.594, 239
214.684, 240
214.774, 239
214.864, 240
214.954, 240
215.044, 241
215.134, 246
215.224, 267
215.314, 310
215.404, 330
215.494, 355
215.584, 354
215.674, 282
215.764, 240
215.854, 238
215.944, 239
216.034, 239
216.124, 239
216.214, 239
216.304, 239
216.394, 239
216.484, 239
216.574, 237
216.664, 239
216.754, 239
216.844, 239
216.934, 239
217.024, 239
217.114, 238
217.204, 239
217.294, 238
217.384, 239
217.474, 239
217.564, 239
217.654, 240
217.744, 239
217.834, 239
217.924, 616
218.014, 1019
218.104, 1019
218.194, 1019
218.284, 1015
218.374, 1020
218.464, 1019
218.554, 1002
218.644, 232
218.734, 233
218.831, 234
218.921, 232
219.011, 232
219.101, 233
219.191, 232
219.281, 233
219.371, 232
219.461, 233
219.551, 233
219.641, 232
219.731, 231
219.821, 232
219.911, 233
220.001, 232
220.091, 232
220.181, 232
220.271, 233
220.361, 233
220.451, 233
220.541, 233
220.631, 233
220.721, 233
220.811, 233
220.901, 233
220.991, 233
221.081, 233
221.171, 238
221.261, 266
221.351, 387
221.441, 545
221.531, 584
221.621, 609
221.711, 619
221.801, 661
221.891, 679
221.981, 804
222.071, 807
222.161, 817
222.251, 814
222.341, 810
222.431, 810
222.521, 772
222.611, 464
222.701, 302
222.791, 306
222.881, 304
222.971, 309
223.061, 293
223.151, 239
223.241, 239
223.331, 239
223.421, 239
223.511, 239
223.601, 239
223.691, 238
223.781, 239
223.871, 260
223.961, 371
224.051, 372
224.141, 359
224.231, 311
224.321, 301
224.411, 595
224.501, 520
224.591, 341
224.681, 238
224.771, 237
224.861, 238
224.951, 238
225.041, 285
225.131, 409
225.221, 411
225.311, 415
225.401, 586
225.491, 753
225.581, 837
225.671, 961
225.761, 1020
225.851, 1019
225.941, 1012
226.031, 1019
226.121, 1019
226.211, 1019
226.301, 558
226.391, 336
226.481, 250
226.571, 280
226.661, 272
226.751, 249
226.841, 241
226.931, 238
227.021, 238
227.111, 241
227.201, 239
227.291, 237
227.381, 237
227.471, 238
227.561, 238
227.651, 239
227.741, 243
227.831, 242
227.921, 253
228.011, 509
228.101, 568
228.191, 514
228.281, 469
228.371, 468
228.461, 471
228.551, 469
228.641, 462
228.731, 435
228.821, 389
228.911, 293
229.001, 298
229.091, 306
229.181, 341
229.271, 341
229.361, 339
229.451, 308
229.541, 257
229.631, 241
229.721, 242
229.811, 265
229.901, 278
229.991, 323
230.081, 327
230.171, 335
230.261, 337
230.351, 338
230.441, 337
230.531, 389
230.621, 410
230.711, 411
230.801, 408
230.891, 408
230.981, 409
231.071, 426
231.161, 478
231.251, 520
231.341, 557
231.441, 606
231.538, 691
231.631, 703
231.721, 746
231.811, 738
231.901, 529
231.991, 322
232.081, 237
232.171, 235
232.261, 237
232.351, 237
232.441, 237
232.531, 237
232.631, 237
232.721, 237
232.811, 237
232.901, 240
232.991, 240
233.081, 239
233.171, 241
233.261, 241
233.351, 243
233.441, 242
233.531, 243
233.631, 242
233.731, 243
233.828, 243
233.918, 243
234.011, 243
234.101, 243
234.191, 243
234.281, 243
234.371, 243
234.461, 243
234.551, 244
234.641, 242
234.731, 244
234.821, 244
234.911, 243
235.001, 243
235.091, 243
235.181, 241
235.271, 239
235.361, 240
235.451, 239
235.541, 240
235.631, 239
235.721, 239
235.811, 240
235.901, 239
235.991, 239
236.081, 239
236.178, 239
236.271, 240
236.361, 244
236.451, 252
236.541, 259
236.631, 264
236.721, 274
236.811, 274
236.901, 274
236.991, 274
237.081, 275
237.171, 274
237.261, 275
237.351, 275
237.441, 275
237.531, 273
237.621, 274
237.711, 272
237.801, 265
237.891, 239
237.981, 238
238.071, 239
238.161, 238
238.251, 239
238.341, 245
238.431, 382
238.521, 454
238.611, 490
238.701, 620
238.791, 636
238.881, 644
238.971, 647
239.061, 635
239.158, 526
239.251, 516
239.348, 519
239.438, 519
239.528, 519
239.618, 518
239.708, 520
239.798, 517
239.888, 515
239.978, 508
240.068, 494
240.158, 453
240.248, 453
240.338, 457
240.428, 456
240.518, 458
240.608, 459
240.698, 460
240.788, 461
240.878, 460
240.968, 453
241.058, 274
241.148, 239
241.238, 238
241.328, 239
241.418, 239
241.508, 240
241.598, 241
241.688, 241
241.778, 239
241.868, 241
241.958, 241
242.048, 241
242.138, 241
242.228, 245
242.318, 246
242.408, 246
242.498, 247
242.588, 247
242.678, 247
242.768, 247
242.858, 245
242.948, 245
243.038, 243
243.128, 242
243.218, 242
243.308, 243
243.398, 241
243.488, 240
243.581, 240
243.671, 240
243.761, 240
243.851, 240
243.941, 241
244.031, 242
244.121, 242
244.211, 242
244.301, 243
244.391, 242
244.481, 242
244.571, 242
244.661, 242
244.751, 240
244.841, 240
244.931, 241
245.021, 240
245.111, 240
245.201, 241
245.291, 240
245.381, 240
245.471, 242
245.561, 241
245.651, 242
245.741, 240
245.831, 241
245.921, 240
246.011, 241
246.101, 242
246.191, 242
246.281, 242
246.371, 242
246.461, 241
246.551, 240
246.641, 240
246.731, 239
246.821, 239
246.911, 238
247.001, 238
247.091, 238
247.181, 238
247.271, 238
247.361, 238
247.451, 238
247.541, 238
247.631, 238
247.721, 239
247.811, 238
247.901, 238
247.991, 238
248.081, 238
248.171, 239
248.261, 238
248.351, 238
248.441, 238
248.531, 238
248.621, 238
248.711, 238
248.801, 238
248.891, 238
248.981, 238
249.071, 238
249.161, 238
249.251, 238
249.341, 238
249.431, 238
249.521, 238
249.611, 239
249.701, 238
249.791, 239
249.881, 239
249.971, 238
250.061, 238
250.151, 237
250.241, 238
250.331, 238
250.421, 238
250.518, 238
250.608, 238
250.698, 238
250.788, 238
250.878, 238
250.968, 238
251.058, 239
251.148, 238
251.238, 238
251.328, 238
251.418, 238
251.508, 238
251.598, 238
